City_ID,City,Country,Max Temp,Current Description,Lat,Lng,Hotel Name
2,Nago,JP,66.45,light rain,26.5881,127.9761,Hotel Yugaf Inn Okinawa
3,Kiryat Gat,IL,68.4,clear sky,31.61,34.7642,OlusHome
4,Hermanus,ZA,62.8,clear sky,-34.4187,19.2345,Misty Waves Boutique Hotel
6,East London,ZA,63.54,clear sky,-33.0153,27.9116,Tu Casa
7,Kapaa,US,73.11,scattered clouds,22.0752,-159.319,Sheraton Kauai Coconut Beach Resort
8,Port Blair,IN,80.64,mist,11.6667,92.75,"Welcomhotel By ITC Hotels, Bay Island, Port Blair"
12,Manaus,BR,86.5,scattered clouds,-3.1019,-60.025,Manaus Hotéis Millennium
13,Albany,US,65.57,few clouds,42.6001,-73.9662,
15,San Ramon,US,63.28,clear sky,37.7799,-121.978,San Ramon Marriott
16,Basco,PH,78.67,overcast clouds,20.4487,121.9702,Nathaniel's Lodge
18,Cristalina,BR,79.45,clear sky,-16.7686,-47.6136,HOTEL TOPAZIO
20,Karpathos,GR,64.36,few clouds,35.507,27.2132,Alex
23,Puerto Ayora,EC,78.76,broken clouds,-0.7393,-90.3518,Finch Bay Galapagos Hotel
24,San Patricio,US,87.89,broken clouds,28.017,-97.5169,"Motel 6 Sinton, TX"
27,Lundazi,ZM,63.68,broken clouds,-12.2929,33.1782,Knox Lodge
29,Butaritari,KI,80.87,light rain,3.0707,172.7902,Isles Sunset Lodge
30,São Filipe,CV,75.7,clear sky,14.8961,-24.4956,Hotel Xaguate
31,Celestún,MX,87.12,few clouds,20.8667,-90.4,Posada Lilia
32,Lamu,KE,82.62,light rain,-2.2717,40.902,Lamu House
34,Guanaja,HN,82.02,overcast clouds,16.4,-85.9,Parrot Beach
35,Bonthe,SL,85.39,broken clouds,7.5264,-12.505,Bonthe Holiday Village
39,Nabire,ID,75.96,overcast clouds,-3.3667,135.4833,Hotel Nusantara I
40,Vaini,TO,77.16,light rain,-21.2,-175.2,Keleti Beach Resort
41,Bengkulu,ID,76.75,overcast clouds,-3.8004,102.2655,Grage Hotel Bengkulu
42,New Norfolk,AU,60.93,overcast clouds,-42.7826,147.0587,The Shingles Riverside Cottages
43,Mabaruma,GY,87.08,overcast clouds,8.2,-59.7833,Monty Brooms Guest House
44,Arraial Do Cabo,BR,85.96,clear sky,-22.9661,-42.0278,Pousada Porto Praia
45,Terrasini,IT,65.71,clear sky,38.146,13.0844,Florio Park Hotel
46,Rikitea,PF,76.41,scattered clouds,-23.1203,-134.9692,People ThankYou
49,Morondava,MG,77.16,clear sky,-20.2833,44.2833,La Case Bambou
51,Ugoofaaru,MV,85.6,broken clouds,5.6667,73.0,Ungoofaaru Inn
52,Tūkrah,LY,82.04,overcast clouds,32.5341,20.5791,Lagrota restaurant
56,Saint-Philippe,RE,76.59,scattered clouds,-21.3585,55.7679,"Chambres d'hôte ""La Trinité"""
57,Lompoc,US,63.61,clear sky,34.6391,-120.4579,"Holiday Inn Express Lompoc, an IHG Hotel"
58,Sabang,ID,84.06,overcast clouds,5.8933,95.3214,Hotel Citra
59,Hong Kong,HK,65.25,moderate rain,22.2855,114.1577,Mini Hotel Central
62,Kérouané,GN,85.96,overcast clouds,9.2667,-9.0167,Hotel Seka Seka
70,Marsh Harbour,BS,75.52,scattered clouds,26.5412,-77.0636,Abaco Beach Resort
73,Half Moon Bay,US,62.89,clear sky,37.4636,-122.4286,"The Ritz-Carlton, Half Moon Bay"
75,Kumul,CN,65.57,clear sky,42.8,93.45,Laoyutang Resort
78,Honiara,SB,77.59,light rain,-9.4333,159.95,Heritage Park Hotel
84,Quelimane,MZ,78.75,few clouds,-17.8786,36.8883,Hotel Flamingo
86,Cam Ranh,VN,80.56,few clouds,11.9214,109.1591,OYO 598 Peony Hotel
88,Pangkalanbuun,ID,76.77,light rain,-2.6833,111.6167,Grand Kecubung Hotel
89,Aksu,CN,66.0,few clouds,41.1231,80.2644,Pudong Holiday Hotel
91,Ribeira Grande,PT,66.6,broken clouds,38.5167,-28.7,Quinta da Meia Eira
93,Kahului,US,75.85,scattered clouds,20.8947,-156.47,Maui Seaside Hotel
94,Bandar-E Anzali,IR,62.71,overcast clouds,37.4727,49.4622,هتل بیاچ
95,Cabo San Lucas,MX,80.62,few clouds,22.8909,-109.9124,Hotel Tesoro Los Cabos
96,Praia,CV,82.94,few clouds,14.9215,-23.5087,LT Aparthotel
98,Locri,IT,65.32,overcast clouds,38.2414,16.2623,Grand Hotel President
100,Cape Town,ZA,65.12,clear sky,-33.9258,18.4232,"Radisson Blu Hotel Waterfront, Cape Town"
103,Rio Grande,BR,71.71,scattered clouds,-32.035,-52.0986,Hotel Atlântico Rio Grande
105,Mahébourg,MU,77.29,scattered clouds,-20.4081,57.7,Shandrani Beachcomber Resort & Spa
107,Aquiraz,BR,87.89,scattered clouds,-3.9014,-38.3911,Pousada Rua Camurupim
108,Hilo,US,73.27,heavy intensity rain,19.7297,-155.09,Hilo Hawaiian Hotel
109,Mount Isa,AU,73.17,light rain,-20.7333,139.5,ibis Styles Mt Isa Verona
110,Freeport,US,70.47,clear sky,40.6576,-73.5832,The Freeport Inn and Marina
112,Hithadhoo,MV,85.84,moderate rain,-0.6,73.0833,Scoop Guest House
114,Hobyo,SO,85.87,light rain,5.3505,48.5268,Iftin hotel hobyo
115,Avarua,CK,71.65,overcast clouds,-21.2078,-159.775,Paradise Inn
116,Neiafu,TO,81.28,few clouds,-18.65,-173.9833,Mystic Sands Beachfront Accommodation
117,Hobart,AU,61.27,overcast clouds,-42.8794,147.3294,St Ives Hobart Accommodation Tasmania
120,Jacmel,HT,82.24,overcast clouds,18.2342,-72.5347,Historic Hotel Florita
121,Baghlan,AF,84.22,overcast clouds,36.1307,68.7083,Habibullah MOsazai
131,Bethel,US,69.37,scattered clouds,41.3712,-73.414,Courtyard by Marriott Danbury
136,Poum,NC,77.04,clear sky,-20.2333,164.0167,
138,Bambous Virieux,MU,77.25,scattered clouds,-20.3428,57.7575,Casa Tia Villa
141,Rocha,UY,62.56,clear sky,-34.4833,-54.3333,Hotel Arrarte
142,Kampong Chhnang,KH,77.83,light rain,12.1667,104.55,ផ្ទះសំណាក់ហេងស្រស់
143,Xalapa,MX,78.78,overcast clouds,19.5333,-96.9167,Hotel Mision Xalapa Plaza de las Convenciones
146,Tiarei,PF,75.22,broken clouds,-17.5333,-149.3333,Le Rocher de Tahiti
147,Carnarvon,AU,69.87,clear sky,-24.8667,113.6333,Hospitality Carnarvon
148,Atuona,PF,78.67,broken clouds,-9.8,-139.0333,Villa Enata
149,Loei,TH,64.89,overcast clouds,17.4167,101.5,Ban Aloi Resort
150,Gerāsh,IR,84.34,clear sky,27.6652,54.1371,Sa'adat House Gerash
151,Gorontalo,ID,75.97,broken clouds,0.5412,123.0595,Maqna Hotel by Prasanthi
152,Turnov,CZ,64.42,overcast clouds,50.5836,15.1519,Hotel Karel IV.
154,Kalmunai,LK,82.72,overcast clouds,7.4167,81.8167,VS Villa
155,Sefophe,BW,66.74,broken clouds,-22.1833,27.9667,
156,Baft,IR,61.88,scattered clouds,29.234,56.6057,Paeez Hotel & restaurant
157,Cidreira,BR,64.2,overcast clouds,-30.1811,-50.2056,Hotel Castelo
159,Inírida,CO,84.11,overcast clouds,3.8653,-67.9239,Fuente del Guania Hotel de Lujo
160,Pisco,PE,69.03,clear sky,-13.7,-76.2167,Hotel San Isidro Oficial
161,Saint George,US,76.62,clear sky,37.1041,-113.5841,Best Western Plus Abbey Inn
162,Sorong,ID,79.9,broken clouds,-0.8833,131.25,Waigo Splash Hotel
163,Luang Prabang,LA,72.48,broken clouds,19.8856,102.1347,The Apsara
165,Daru,PG,79.09,overcast clouds,-9.0763,143.2092,Daru Lodge
170,Souillac,MU,77.38,scattered clouds,-20.5167,57.5167,Shanti Maurice Resort & Spa
171,Tefé,BR,87.91,broken clouds,-3.3542,-64.7114,Aracati Hotel
172,Front Royal,US,64.58,moderate rain,38.9182,-78.1944,Hampton Inn Front Royal
173,Ubaitaba,BR,87.51,few clouds,-14.3125,-39.3233,Pousada Paraíso
175,Sokoni,TZ,82.26,overcast clouds,-6.4333,39.55,Ujamaa Beach Resort
176,Manokwari,ID,78.06,overcast clouds,-0.8667,134.0833,Swiss Belhotel Manokwari
177,George Town,MY,84.15,few clouds,5.4112,100.3354,Cititel Penang
178,Along,IN,67.8,light rain,28.1667,94.7667,Hotel West
182,Vila Velha,BR,85.95,scattered clouds,-20.3297,-40.2925,Hotel Vitória Palace
183,Vao,NC,75.42,scattered clouds,-22.6667,167.4833,Hotel Kou-Bugny
184,Atyrau,KZ,60.82,clear sky,47.1167,51.8833,River Palace Hotel
185,Ponta Do Sol,PT,72.23,clear sky,32.6667,-17.1,Hotel do Campo
186,Hamilton,US,75.09,few clouds,39.1834,-84.5333,Six Acres Bed & Breakfast
188,Korla,CN,63.55,overcast clouds,41.7597,86.1469,Gulisitan Hotel
189,Morgan City,US,69.8,light rain,29.6994,-91.2068,Hampton Inn & Suites Morgan City
193,Shache,CN,67.26,scattered clouds,38.4167,77.2406,Delong Hotel
194,Waddān,LY,89.44,clear sky,29.1614,16.139,محل الشريف محمد العايب
195,Safi,MA,68.02,clear sky,32.2994,-9.2372,Hôtel Abda
196,Huarmey,PE,70.59,few clouds,-10.0681,-78.1522,Hotel Miramar
197,Castro,BR,72.93,few clouds,-24.7911,-50.0119,CHACARA BAILLY
199,Kununurra,AU,85.98,clear sky,-15.7667,128.7333,Hotel Kununurra
200,Piaçabuçu,BR,83.57,broken clouds,-10.4056,-36.4344,Piaçabuçu News
201,Stephenville,US,77.94,overcast clouds,32.2207,-98.2023,La Quinta Inn & Suites by Wyndham Stephenville
202,Wewak,PG,79.48,overcast clouds,-3.5534,143.6268,In Wewak Boutique Hotel
203,Breves,BR,79.72,overcast clouds,-1.6822,-50.4803,Hotel e Restaurante Grill
204,Esim,GH,83.37,overcast clouds,4.8699,-2.2405,Axim Beach Resort And Spa
205,Bereda,ES,62.42,scattered clouds,43.2686,-7.5406,Pazo de Verdes
207,Isangel,VU,78.71,overcast clouds,-19.55,169.2667,Tanna Lodge
210,San Miguel De Cozumel,MX,85.95,clear sky,20.5083,-86.9458,Cozumel Palace® All Inclusive Resort
211,Fes,MA,82.65,clear sky,34.0372,-4.9998,Hotel Mounia Fès
212,Kirakira,SB,79.12,overcast clouds,-10.4544,161.9205,SanBiz Lodge
214,Salinópolis,BR,81.39,broken clouds,-0.6136,-47.3561,Salinas Park Resort Maçarico AP101
216,Hervey Bay,AU,67.01,overcast clouds,-25.2986,152.8535,Shelly Bay Resort
222,Sola,VU,81.75,overcast clouds,-13.8833,167.55,Leumerus Bungalows
224,Guerrero Negro,MX,66.27,clear sky,27.9769,-114.0611,"Casa Laguna, Bed & Breakfast"
229,Makkah Al Mukarramah,SA,88.38,clear sky,21.4267,39.8261,"Makkah Clock Royal Tower, A Fairmont Hotel"
230,Miraflores,MX,73.02,broken clouds,19.2167,-98.8083,Hotel Mansión
231,Ahipara,NZ,60.04,overcast clouds,-35.1667,173.1667,Ahipara Holiday Park
232,Sinnamary,GF,82.81,broken clouds,5.3833,-52.95,ALETHEIA Appartement Sinnamary
233,Port Elizabeth,ZA,64.31,few clouds,-33.918,25.5701,39 On Nile Guest House
234,Yulara,AU,60.64,broken clouds,-25.2406,130.9889,Desert Gardens Hotel - Ayers Rock Resort
235,St. George'S,GD,83.88,few clouds,12.0564,-61.7485,Radisson Grenada Beach Resort
241,Mossamedes,AO,74.14,clear sky,-15.1961,12.1522,Hotel Chik Chik Namibe
242,Piombino,IT,65.66,broken clouds,42.9348,10.5221,Hotel Ariston
243,Olinda,BR,82.13,broken clouds,-8.0089,-34.8553,Flat Quatro Rodas Olinda
244,Clarksburg,US,69.93,overcast clouds,39.2807,-80.3445,Greenbrier Motel & Restaurant
247,Alofi,NU,76.89,overcast clouds,-19.0595,-169.9187,Taloa Heights
249,Kavaratti,IN,85.01,few clouds,10.5669,72.642,Hotels in Lakshadweep Islands
250,Luangwa,ZM,71.76,clear sky,-15.6167,30.4167,Gerasimos Safari Lodge
253,Makakilo City,US,71.92,light rain,21.3469,-158.0858,Marriott's Ko Olina Beach Club
258,Luganville,VU,78.03,overcast clouds,-15.5333,167.1667,The Espiritu Hotel
259,Kudahuvadhoo,MV,86.11,broken clouds,2.6708,72.8944,Niyama Private Islands Maldives
260,Araguaçu,BR,89.37,scattered clouds,-12.9306,-49.8264,Hotel Tocantins
262,Chui,UY,65.3,clear sky,-33.6971,-53.4616,Nuevo Hotel Plaza
263,Vanimo,PG,78.08,light rain,-2.6741,141.3028,Vahmoneh Lodge Vanimo
264,Tambilil,PH,79.45,overcast clouds,5.9622,124.6697,Wilfredo Sotto Home
265,Sucúa,EC,75.94,scattered clouds,-2.4667,-78.1667,Hotel Orellana
266,San Quintín,MX,64.33,scattered clouds,30.4833,-115.95,Don Eddie's Sport Fishing Center
268,Port Shepstone,ZA,66.99,clear sky,-30.7414,30.455,My Den Beachfront Bed and Breakfast | Self-Catering
271,Tual,ID,82.63,light rain,-5.6667,132.75,Grand Vilia Hotel
272,Sur,OM,85.84,clear sky,22.5667,59.5289,Sur Plaza Hotel
273,Distrikt Brokopondo,SR,85.14,overcast clouds,4.75,-55.1667,Matu Island
274,Faya,SA,69.91,few clouds,18.3851,42.4509,املاك خالد الشعشوع
275,Sibu,MY,79.11,scattered clouds,2.3,111.8167,RH HOTEL (4 Star)
277,Brandon,US,87.1,haze,27.9378,-82.2859,Embassy Suites by Hilton Tampa Brandon
278,Pandan,PH,77.56,overcast clouds,14.0453,124.1694,Bonifacio Lodge
279,Mahibadhoo,MV,86.11,scattered clouds,3.7833,72.9667,Omadhoo Inn
282,Westport,US,71.44,scattered clouds,41.1415,-73.3579,The Inn at Longshore
284,Ürümqi,CN,72.55,clear sky,43.801,87.6005,Hua Ling Grand Hotel Urumqi
289,City Of San Pedro,PH,83.43,broken clouds,14.35,121.0167,Esquivel's Garden And Resort
292,Ibrā’,OM,83.73,clear sky,22.6906,58.5334,مزرعة راحة النفوس المنزفة
293,San Cristobal,VE,84.38,overcast clouds,7.7669,-72.225,Pirineos
295,Maralal,KE,61.77,light rain,1.0968,36.698,Ngari Hill Ecolodge
297,Kui Buri,TH,78.01,light rain,12.0828,99.8543,Rista House & Resort
300,Quimper,FR,63.18,clear sky,48.0,-4.1,Hôtel Oceania Quimper
301,Nouadhibou,MR,73.38,dust,20.931,-17.0347,El Medina
302,Viladecans,ES,72.59,clear sky,41.314,2.0143,Hotel FrontAir Congress Barcelona
304,Culianan,PH,79.66,overcast clouds,6.9803,122.1467,Virnell Farm and Mountain Park
306,Kenitra,MA,70.56,scattered clouds,34.261,-6.5802,Bienvenue chez vous
307,Abu Samrah,SY,65.05,clear sky,35.3029,37.1841,
310,Athens,GR,67.6,few clouds,37.9795,23.7162,Safestay Athens
312,Faanui,PF,80.4,scattered clouds,-16.4833,-151.75,Bora-Bora Pearl Beach Resort & Spa
313,Christchurch,NZ,63.32,light rain,-43.5333,172.6333,The George
315,Bella Union,UY,67.82,overcast clouds,-30.2752,-57.6007,Saville Free Shop
316,Grajaú,BR,88.79,few clouds,-5.8194,-46.1386,Hotel Confiança
317,Taitung City,TW,69.8,moderate rain,22.7583,121.1444,Taitung Bali Suites Hotel
318,‘Ewa Beach,US,73.35,light rain,21.3156,-158.0072,Base Lodging
324,Sunrise Manor,US,78.73,clear sky,36.2111,-115.0731,Comfort Inn & Suites Las Vegas - Nellis
325,Marrakesh,MA,87.87,clear sky,31.6315,-8.0083,Les Jardins de La Koutoubia
326,Yangi Marg`Ilon,UZ,75.92,overcast clouds,40.4272,71.7189,Ikathouse
327,Bud,US,67.46,scattered clouds,39.447,-86.1758,Ted McQuinn Trust
328,Acajutla,SV,86.67,overcast clouds,13.5928,-89.8275,Laureles
329,Gonder,ET,75.16,overcast clouds,12.6,37.4667,L Shape Hotel
330,Antofagasta,CL,69.22,few clouds,-23.65,-70.4,"Holiday Inn Express Antofagasta, an IHG Hotel"
331,Santa Cruz De La Sierra,BO,87.46,clear sky,-17.8,-63.1667,Aviador Hotel Boutique
332,Saint-François,FR,65.64,clear sky,46.4154,3.9054,Manoir Du Bonheur
333,Barra Patuca,HN,83.21,overcast clouds,15.8,-84.2833,
334,Buin,CL,71.87,clear sky,-33.7333,-70.75,Paihuen
335,Polokwane,ZA,62.78,broken clouds,-23.9045,29.4688,Fusion Boutique Hotel
336,Soddy-Daisy,US,75.11,overcast clouds,35.2359,-85.1908,Home Town Inn Soddy-Daisy
337,Caravelas,BR,83.14,clear sky,-17.7125,-39.2481,Pousada dos Navegantes
339,Benjamin Constant,BR,82.45,scattered clouds,-4.3831,-70.0311,CASA AVALIADA
341,Lagoa,PT,61.97,few clouds,39.05,-27.9833,Casa Das Faias
343,Kamina,CD,66.74,broken clouds,-8.7386,24.9906,Guest House Florvia
344,Naze,JP,63.3,overcast clouds,28.3667,129.4833,Shishime Hotel
347,Palmerston,AU,82.38,overcast clouds,-12.486,130.9833,Quest Palmerston - Serviced Apartments and Accommodation
352,Banepā,NP,66.52,few clouds,27.6298,85.5214,Dhulikhel Lodge Resort
353,Wao,PH,66.24,overcast clouds,7.6833,124.6833,Diomil Mountain Resort
355,Mbandaka,CD,78.84,overcast clouds,0.0487,18.2603,Guest House Epervier
357,Conceição Do Araguaia,BR,89.13,broken clouds,-8.2578,-49.2647,Tarumã Tropical Hotel
359,Saldanha,ZA,60.12,clear sky,-33.0117,17.9442,Blue Bay Lodge
360,Ambilobe,MG,75.67,scattered clouds,-13.2,49.05,Hôtel & Restaurant DIANA Ambilobe
361,Los Llanos De Aridane,ES,68.13,clear sky,28.6585,-17.9182,Valle Aridane
363,Micheweni,TZ,79.07,light rain,-4.9667,39.8333,
364,Tabou,CI,84.09,overcast clouds,4.423,-7.3528,hotêl doufoulougou
367,Nguruka,TZ,67.87,light rain,-5.1092,31.0419,RUSULI LODGE
370,Nishihara,JP,67.28,light rain,26.1842,127.7558,Minshuku Agaihama
372,Lata,PT,62.08,scattered clouds,40.1629,-8.3327,Casa Maquia
374,Puerto Cabezas,NI,84.2,broken clouds,14.0351,-83.3888,Cabaña Caribe
379,Mareeba,AU,68.72,broken clouds,-17.0,145.4333,Trinity Plains Tourist Park
381,Namatanai,PG,78.93,broken clouds,-3.6667,152.4333,Seagulls Inn Namatani
383,Nova Viçosa,BR,82.63,clear sky,-17.8919,-39.3719,Pousada Porto do Sol
384,Mayumba,GA,80.02,moderate rain,-3.432,10.6554,LIKWALE LODGE
387,Palmer,US,68.43,clear sky,42.1584,-72.3287,Wedgewood Motel
388,Salalah,OM,83.91,clear sky,17.0151,54.0924,"HAMDAN PLAZA HOTEL SALALAH, an HTG Hotel"
389,Porto-Novo,BJ,85.06,overcast clouds,6.4965,2.6036,Tour Eiffel Hotel Benin
393,Lebanon,US,76.44,broken clouds,36.2081,-86.2911,Hampton Inn & Suites Lebanon
395,Tinde,TZ,71.74,light rain,-3.8833,33.2,TGHS Hostels
397,Arló,HU,67.32,broken clouds,48.1833,20.2667,Suvadás Liget
400,San Rafael,AR,62.56,clear sky,-34.6177,-68.3301,Hotel San Rafael
401,San Fernando Del Valle De Catamarca,AR,68.77,few clouds,-28.4696,-65.7852,Amerian Catamarca Park Hotel
404,Tabing,PH,78.17,broken clouds,11.4,124.35,DC lodging house
405,Neftçala,AZ,60.33,overcast clouds,39.3742,49.2472,Otel restoran
410,Sal Rei,CV,71.96,clear sky,16.1833,-22.9167,Marine Club Beach Resort
411,Mudhol,IN,85.14,scattered clouds,16.35,75.2833,Hotel Surabhi
412,Pangai,TO,81.32,light rain,-19.8,-174.35,Ha'apai Beach Resort
413,Najrān,SA,84.16,scattered clouds,17.4924,44.1277,محمد هادي ال فطيح
417,Vila Franca Do Campo,PT,64.81,few clouds,37.7167,-25.4333,Pestana Bahia Praia
418,Aketi,CD,74.43,light rain,2.7388,23.7833,
419,Fredericksburg,US,74.86,overcast clouds,38.3032,-77.4605,Courtyard by Marriott Fredericksburg Historic District
421,Bathsheba,BB,82.44,broken clouds,13.2167,-59.5167,Atlantis Hotel
424,Banda Aceh,ID,81.03,overcast clouds,5.5577,95.3222,OYO 884 Rumoh PMI Hotel
426,Sittwe,MM,82.17,few clouds,20.15,92.9,Hotel Memory
428,Sahuaripa,MX,86.81,broken clouds,29.05,-109.2333,Estatua de Sahuaripa
430,Muros,ES,67.08,clear sky,42.7762,-9.0603,Apartment Av. Castelao
432,Bone,DE,60.3,broken clouds,51.9669,12.1396,Sporthotel Wallwitz
433,Mana,GF,83.23,broken clouds,5.6592,-53.7767,LE SAMANA
435,Elizabeth City,US,77.05,overcast clouds,36.2946,-76.2511,Hampton Inn Elizabeth City
438,Pak Phanang,TH,80.76,overcast clouds,8.3511,100.202,Green Park Inn Hotel
439,Coachella,US,87.44,clear sky,33.6803,-116.1739,Fantasy Springs Resort Casino
442,Montepuez,MZ,68.45,clear sky,-13.1256,38.9997,PembaAparthotel
444,Cayenne,GF,85.08,broken clouds,4.9333,-52.3333,Hôtel Le Dronmi
446,Iracoubo,GF,82.53,broken clouds,5.4802,-53.2011,Le Gîte d’Iracoubo
448,Dharān,NP,77.07,clear sky,26.8125,87.2835,Hotel Kanchanjunga
449,Nyimba,ZM,66.47,clear sky,-14.5566,30.8149,Dali Dali Lodge
450,Rio Maior,PT,70.75,clear sky,39.3373,-8.9391,Mar de Serra
454,Zmeinogorsk,RU,65.68,overcast clouds,51.1567,82.195,"Kompastur, Gostinitsa"
455,Maxixe,MZ,70.47,light rain,-23.8597,35.3472,Oceano
457,Abonnema,NG,85.69,overcast clouds,4.7084,6.7931,Corper's Lodge Obonoma
458,Charters Towers,AU,67.28,scattered clouds,-20.1,146.2667,Cattleman's Rest Motor Inn
459,Luanda,AO,77.99,broken clouds,-8.8368,13.2343,EPIC SANA Luanda
460,Soller,ES,72.36,few clouds,39.7662,2.7152,Hotel Marina & Wellness Spa
462,Quatre Cocos,MU,75.31,few clouds,-20.2078,57.7625,Sunrise Attitude Hotel
463,Ouadda,CF,80.58,light rain,8.0777,22.4007,
466,Acapulco De Juárez,MX,86.14,broken clouds,16.8634,-99.8901,HS Hotsson Smart Acapulco
468,Grand Gaube,MU,75.6,clear sky,-20.0064,57.6608,Veranda Paul et Virginie Hotel & Spa
469,Buala,SB,79.2,moderate rain,-8.145,159.5921,Maringe Lagoon Lodge
470,Iralaya,HN,83.57,overcast clouds,15.0,-83.2333,Iglesia morava renovada
473,Bintulu,MY,79.23,scattered clouds,3.1667,113.0333,900 Boutique INN
474,Bayir,TR,64.92,few clouds,37.2687,28.2167,Hotel Babadag
475,Hambantota,LK,82.02,overcast clouds,6.1241,81.1185,Bungalow 63
477,Candolim,IN,83.89,clear sky,15.5181,73.7626,Resort Terra Paraiso
479,São João Da Barra,BR,79.83,clear sky,-21.6403,-41.0511,Pousada Porto De Canoas
480,Cururupu,BR,84.02,moderate rain,-1.8283,-44.8683,POUSADA TRAVÉS'CIA
483,Saint-Pierre,RE,76.68,clear sky,-21.3393,55.4781,Lindsey Hôtel
484,Fare,PF,80.31,scattered clouds,-16.7,-151.0167,Maitai Lapita Village Huahine
485,Itoman,JP,68.02,light rain,26.1247,127.6694,Southern Beach Hotel & Resort Okinawa
486,Lavaca,US,89.31,scattered clouds,28.615,-96.6261,Holiday Inn Express & Suites Port Lavaca
487,Malanje,AO,66.06,broken clouds,-9.5402,16.341,Hotel Ginga
488,Kavieng,PG,81.64,clear sky,-2.5744,150.7967,Nusa Island Retreat
489,Pokhara,NP,68.22,overcast clouds,28.2333,83.9833,OYO 170 Hotel View Point
490,Maragogi,BR,80.91,scattered clouds,-9.0122,-35.2225,Salinas do Maragogi All Inclusive Resort
492,Takoradze,GH,83.75,overcast clouds,4.8845,-1.7554,Raybow International Hotel
495,Kloulklubed,PW,75.7,broken clouds,7.0419,134.2556,Storyboard Beach Resort
496,Sagua De Tánamo,CU,88.21,scattered clouds,20.5819,-75.2414,
497,Port Antonio,JM,83.95,overcast clouds,18.18,-76.4612,The Trident Hotel
498,Natal,BR,84.85,broken clouds,-5.795,-35.2094,Villa Park Hotel | Natal
499,Chittūr,IN,80.15,moderate rain,10.7,76.75,Cee Dee Regency
503,Tura,IN,70.38,scattered clouds,25.5198,90.2201,Hotel RIKMAN Continental
506,Sumbe,AO,78.69,scattered clouds,-11.2061,13.8437,Hotel Ritz Sumbe
507,Moranbah,AU,66.07,clear sky,-22.0016,148.0466,Direct Hotels - Monterey Moranbah
508,Merauke,ID,78.73,heavy intensity rain,-8.4667,140.3333,
511,La Unión,PE,81.52,overcast clouds,-5.4,-80.75,Los Portales
513,Dickinson,US,87.13,broken clouds,29.4608,-95.0513,Hampton Inn & Suites Houston/League City
520,Rabo De Peixe,PT,63.91,broken clouds,37.8,-25.5833,Quinta das Giestas
522,Tocopilla,CL,69.39,clear sky,-22.092,-70.1979,Hotel Galvarino
527,Thinadhoo,MV,85.96,broken clouds,0.5333,72.9333,
528,Maceió,BR,85.44,broken clouds,-9.6658,-35.7353,Hotel Ponta Verde Maceió
532,Mumford,GH,83.48,broken clouds,5.2618,-0.759,Spanish Villa
534,Taraz,KZ,70.21,overcast clouds,42.9,71.3667,Comfort Inn
536,Safita,SY,60.51,few clouds,34.8205,36.1153,Safita Cham Hotel
538,Bulungu,CD,71.26,moderate rain,-4.55,18.6,
539,Caruray,PH,79.16,overcast clouds,10.3094,119.0128,
540,Tucumã,BR,77.68,overcast clouds,-0.1833,-50.05,
541,Kouango,CF,80.87,broken clouds,4.9934,19.9619,
542,Los Planes,HN,71.74,overcast clouds,14.05,-88.0167,
543,Prescott,US,72.27,clear sky,34.54,-112.4685,Prescott Resort & Conference Center
544,Maun,BW,73.81,broken clouds,-19.9833,23.4167,Enviro Villa
547,Innisfail,AU,72.66,broken clouds,-17.5333,146.0333,Moondarra Motel
548,Samarai,PG,79.92,scattered clouds,-10.6167,150.6667,Nuli Sapi
550,Tutóia,BR,81.72,overcast clouds,-2.7619,-42.2744,Pousada Guará's
551,Sant Julià De Loria,AD,62.4,light rain,42.4625,1.4825,Hotel Restaurant Folch
553,Boa Vista,BR,89.58,broken clouds,2.8197,-60.6733,Aipana Plaza Hotel
555,Alcains,PT,66.52,clear sky,39.9164,-7.4566,Casa do Balcão
561,Fougamou,GA,78.8,moderate rain,-1.2154,10.5838,Résidence d'Hôtes Bapedy
562,Kaniama,CD,66.11,moderate rain,-7.5667,24.1833,
563,Dingle,PH,77.2,overcast clouds,10.9995,122.6711,SEGAYA PROPERTY
566,Dakar,SN,85.08,scattered clouds,14.6937,-17.4441,Novotel Dakar
569,Salinas,US,61.02,clear sky,36.6777,-121.6555,Laurel Inn & Conference Center
572,Sohag,EG,87.42,clear sky,26.557,31.6948,Civil Registry - Sohag 1
575,Prado,BR,81.64,clear sky,-17.3411,-39.2208,INN CORNER RIVER - PRADO - BAHIA - HOUSING AND HOTEL
577,Sungai Penuh,ID,65.08,overcast clouds,-2.0833,101.3833,Penginapan Citra Alam
578,Forestville,US,67.15,overcast clouds,38.8451,-76.875,Quality Inn Near Joint Base Andrews-Washington Area
581,Sechura,PE,76.87,overcast clouds,-5.5569,-80.8222,Hospedaje Costa Bella
583,Chajul,GT,73.44,overcast clouds,15.4853,-91.0342,Hotel San Gaspar
584,Bissau,GW,84.52,few clouds,11.8636,-15.5977,Hotel Ancar
585,Shar,KZ,68.76,overcast clouds,49.5886,81.0453,
587,Lamesa,US,74.52,overcast clouds,32.7376,-101.951,Shiloh Inn Lamesa
591,Rasht,IR,62.42,broken clouds,37.2808,49.5832,Shabestan Hotel
592,Marawi,PH,69.85,overcast clouds,7.9986,124.2928,Derogongan Residence
593,Dharampur,IN,83.39,clear sky,20.5333,73.1833,Motel 11
595,Ndélé,CF,86.76,overcast clouds,8.4109,20.6473,
596,Meulaboh,ID,77.68,overcast clouds,4.1363,96.1285,Kost Pria
597,Bandi̇̄Pur,NP,63.07,overcast clouds,27.9333,84.4167,Bandipur Guest House
598,Dawlatabad,AF,80.33,overcast clouds,36.4141,64.9053,WASIM ASGAR KHAN
599,Lingao,CN,67.15,overcast clouds,19.9103,109.6859,Lingao Ditai Inn
601,Road Town,VG,80.69,scattered clouds,18.4167,-64.6167,"ZINGARA 76ft Catamaran, full crew-all included"
602,Koumac,NC,74.8,clear sky,-20.5667,164.2833,Le Monitel
604,Barcelos,PT,62.85,scattered clouds,41.5388,-8.6151,Hotel Restaurante Bagoeira
605,Toppenish,US,61.02,clear sky,46.3774,-120.3087,Legends Casino Hotel
607,Ardakān,IR,74.43,scattered clouds,32.31,54.0175,Ardakan Hotel
612,Fort-Shevchenko,KZ,60.03,clear sky,44.5086,50.263,Oasis hotel Bautino
613,Zharkent,KZ,74.23,overcast clouds,44.1628,80.0,гостиница Satti
619,Labuhan,ID,79.61,overcast clouds,-6.8844,112.2051,DoubleFAG
621,Mersing,MY,79.03,overcast clouds,2.4312,103.8405,Timotel Hotel
624,Poreč,HR,60.46,overcast clouds,45.2258,13.5939,BO hotel Palazzo
625,De Aar,ZA,63.25,clear sky,-30.6497,24.0123,Nyibiba Guesthouse
627,Chibuto,MZ,65.53,few clouds,-24.6867,33.5306,Residência Masculina da Escola Superior de Negocios e Empreendedorismo de Chibuto
632,Siderno,IT,64.33,overcast clouds,38.2779,16.302,Grand Hotel President
638,Kilindoni,TZ,82.06,overcast clouds,-7.9139,39.6668,Bustani B&B
639,Dezful,IR,82.06,scattered clouds,32.3811,48.4058,مهمانپذیر خوزستان
642,Bima,ID,75.96,scattered clouds,-8.4667,118.7167,Lambitu Hotel
644,Lázaro Cárdenas,MX,86.18,few clouds,17.9583,-102.2,HOTEL QUINTA ANTIGUA
645,Emerald,AU,64.35,broken clouds,-23.5333,148.1667,The Irish Village
653,Concordia,AR,66.78,scattered clouds,-31.393,-58.0209,Palmar Hotel Casino
655,Balkanabat,TM,67.46,overcast clouds,39.5108,54.3671,Nebitchi Hotel
656,Carutapera,BR,84.24,scattered clouds,-1.195,-46.02,Lidera
657,Inyonga,TZ,65.37,moderate rain,-6.7167,32.0667,Eden Rock Lodge
658,Montmagny,FR,63.1,clear sky,48.9734,2.3469,Appartement proche paris stade de france
660,Camden,US,72.91,broken clouds,39.7835,-74.9663,Shenandoah Village
661,San Policarpo,PH,79.99,overcast clouds,12.1791,125.5072,Agapita M. Nicart
662,Pemangkat,ID,80.33,scattered clouds,1.1667,108.9667,Ramah Kost KITA
663,Kutum,SD,88.38,broken clouds,14.2,24.6667,Dibbo areaمنطقة دبو
664,Mackay,AU,68.68,clear sky,-21.15,149.2,International Lodge Motel
670,Lodwar,KE,88.48,broken clouds,3.1191,35.5973,Solmar Gracious Hotel
671,Broome,US,67.69,clear sky,42.2506,-75.833,Chenango Valley State Park
676,Bambanglipuro,ID,77.99,overcast clouds,-7.95,110.2833,Puri Brata
677,Ixtapa,MX,79.83,broken clouds,20.7,-105.2,hotel la terminal
679,Sembakung,ID,74.53,overcast clouds,3.8167,117.25,
681,Constantine,DZ,65.61,scattered clouds,36.365,6.6147,Grand Hotel Cirta
683,Paragominas,BR,84.43,broken clouds,-2.9667,-47.4833,INOVA
687,Santa Rosa,PH,84.18,overcast clouds,14.3122,121.1114,Erlyn’s Sta Rosa City Home
689,Dhidhdhoo,MV,86.0,few clouds,6.8833,73.1,Dhidhoo beach
690,Toamasina,MG,76.14,clear sky,-18.1667,49.3833,Hotel H1
692,Ballina,AU,63.01,overcast clouds,-28.8667,153.5667,Ramada Hotel & Suites by Wyndham Ballina Byron
697,Thai Binh,VN,66.02,overcast clouds,20.45,106.3333,Sweden Hotel
699,Mataram,ID,79.61,overcast clouds,-8.5833,116.1167,Hotel Santika Mataram
704,Port Keats,AU,76.89,scattered clouds,-14.25,129.55,TDC Village (Hundred Man Camp)
705,Nicoya,CR,87.46,overcast clouds,10.1483,-85.452,Las Cabinas Del Sueño
707,Saint-Leu,RE,76.06,few clouds,-21.15,55.2833,La Caz Oceane
708,María Chiquita,PA,89.31,overcast clouds,9.4431,-79.7558,La Casa del Rio
711,Pyapon,MM,84.04,scattered clouds,16.2833,95.6833,Aung Naing Thu Motel
712,Beyneu,KZ,71.35,few clouds,45.3167,55.2,NUR
714,Cap Malheureux,MU,75.47,clear sky,-19.9842,57.6142,Pereybere Hotel & Spa
716,Cockburn Town,TC,80.56,scattered clouds,21.4612,-71.1419,Osprey Beach Hotel
717,Rumphi,MW,63.32,broken clouds,-11.0186,33.8575,Finst Rumphi Earthbag House Lodge
